{"data":{"site":{"siteMetadata":{"title":"Visit our Ladakh guides in July","description":"Ladakh is a mountainous region in the northwest area of India known as Trans Himalaya. Ladakh was an independent kingdom for nine centuries. It was very strongly influenced by Tibet and buddhist, muslim and hindu cultures.","author":"@gatsbyjs","adventureItems":[{"item":{"status":{"category":"category","date":"14 Days"}}},{"item":{"status":{"category":"category","date":"14 Days"}}},{"item":{"status":{"category":"category","date":"14 Days"}}}]}}}}