{"errors":[],"warnings":["./src/common/container/Container.js\nThere are multiple modules with names that only differ in casing.\nThis can lead to unexpected behavior when compiling on a filesystem with other case-semantic.\nUse equal casing. Compare these module identifiers:\n* /Users/boriscivcic/Documents/prisma/landingPages/node_modules/gatsby/dist/utils/babel-loader.js??ref--5-0!/Users/boriscivcic/Documents/prisma/landingPages/src/common/container/Container.js\n    Used by 2 module(s), i. e.\n    /Users/boriscivcic/Documents/prisma/landingPages/node_modules/gatsby/dist/utils/babel-loader.js??ref--5-0!/Users/boriscivcic/Documents/prisma/landingPages/src/components/ladakh/adventures/adventures.js\n* /Users/boriscivcic/Documents/prisma/landingPages/node_modules/gatsby/dist/utils/babel-loader.js??ref--5-0!/Users/boriscivcic/Documents/prisma/landingPages/src/common/container/container.js\n    Used by 2 module(s), i. e.\n    /Users/boriscivcic/Documents/prisma/landingPages/node_modules/gatsby/dist/utils/babel-loader.js??ref--5-0!/Users/boriscivcic/Documents/prisma/landingPages/src/components/ladakh/hero/hero.js"],"namedChunkGroups":{"app":{"chunks":[7,2],"assets":["webpack-runtime-a4c28bd30736c8ed7782.js","webpack-runtime-a4c28bd30736c8ed7782.js.map","app-f085c0cf6f9a543e07ec.js","app-f085c0cf6f9a543e07ec.js.map"],"children":{},"childAssets":{}},"component---src-pages-404-js":{"chunks":[0,1,3],"assets":["styles.45e0bbd6ae48407bd908.css","styles-aad88297adf8b84c46e2.js","styles-aad88297adf8b84c46e2.js.map","1-e04f7445d607bba8e411.js","1-e04f7445d607bba8e411.js.map","component---src-pages-404-js-1b50a48f9df78def36ad.js","component---src-pages-404-js-1b50a48f9df78def36ad.js.map"],"children":{},"childAssets":{}},"component---src-pages-index-js":{"chunks":[0,1,4],"assets":["styles.45e0bbd6ae48407bd908.css","styles-aad88297adf8b84c46e2.js","styles-aad88297adf8b84c46e2.js.map","1-e04f7445d607bba8e411.js","1-e04f7445d607bba8e411.js.map","component---src-pages-index-js-ac1780731202ad4b443d.js","component---src-pages-index-js-ac1780731202ad4b443d.js.map"],"children":{},"childAssets":{}},"component---src-pages-ladakh-js":{"chunks":[0,1,5],"assets":["styles.45e0bbd6ae48407bd908.css","styles-aad88297adf8b84c46e2.js","styles-aad88297adf8b84c46e2.js.map","1-e04f7445d607bba8e411.js","1-e04f7445d607bba8e411.js.map","component---src-pages-ladakh-js-ceea4ff7680958e55a74.js","component---src-pages-ladakh-js-ceea4ff7680958e55a74.js.map"],"children":{},"childAssets":{}},"component---src-pages-page-2-js":{"chunks":[0,1,6],"assets":["styles.45e0bbd6ae48407bd908.css","styles-aad88297adf8b84c46e2.js","styles-aad88297adf8b84c46e2.js.map","1-e04f7445d607bba8e411.js","1-e04f7445d607bba8e411.js.map","component---src-pages-page-2-js-c3cb593b40c324bbf7ac.js","component---src-pages-page-2-js-c3cb593b40c324bbf7ac.js.map"],"children":{},"childAssets":{}}},"assetsByChunkName":{"app":["webpack-runtime-a4c28bd30736c8ed7782.js","app-f085c0cf6f9a543e07ec.js"],"component---src-pages-404-js":["styles.45e0bbd6ae48407bd908.css","styles-aad88297adf8b84c46e2.js","1-e04f7445d607bba8e411.js","component---src-pages-404-js-1b50a48f9df78def36ad.js"],"component---src-pages-index-js":["styles.45e0bbd6ae48407bd908.css","styles-aad88297adf8b84c46e2.js","1-e04f7445d607bba8e411.js","component---src-pages-index-js-ac1780731202ad4b443d.js"],"component---src-pages-ladakh-js":["styles.45e0bbd6ae48407bd908.css","styles-aad88297adf8b84c46e2.js","1-e04f7445d607bba8e411.js","component---src-pages-ladakh-js-ceea4ff7680958e55a74.js"],"component---src-pages-page-2-js":["styles.45e0bbd6ae48407bd908.css","styles-aad88297adf8b84c46e2.js","1-e04f7445d607bba8e411.js","component---src-pages-page-2-js-c3cb593b40c324bbf7ac.js"]}}