{"errors":[],"warnings":["./src/common/container/Container.js\nThere are multiple modules with names that only differ in casing.\nThis can lead to unexpected behavior when compiling on a filesystem with other case-semantic.\nUse equal casing. Compare these module identifiers:\n* /Users/boriscivcic/Documents/prisma/landingPages/node_modules/gatsby/dist/utils/babel-loader.js??ref--5-0!/Users/boriscivcic/Documents/prisma/landingPages/src/common/container/Container.js\n    Used by 4 module(s), i. e.\n    /Users/boriscivcic/Documents/prisma/landingPages/node_modules/gatsby/dist/utils/babel-loader.js??ref--5-0!/Users/boriscivcic/Documents/prisma/landingPages/src/components/ladakh/adventures/adventures.js\n* /Users/boriscivcic/Documents/prisma/landingPages/node_modules/gatsby/dist/utils/babel-loader.js??ref--5-0!/Users/boriscivcic/Documents/prisma/landingPages/src/common/container/container.js\n    Used by 2 module(s), i. e.\n    /Users/boriscivcic/Documents/prisma/landingPages/node_modules/gatsby/dist/utils/babel-loader.js??ref--5-0!/Users/boriscivcic/Documents/prisma/landingPages/src/components/ladakh/hero/hero.js"],"namedChunkGroups":{"app":{"chunks":[7,2],"assets":["webpack-runtime-8f0988ca96ae84168b6e.js","webpack-runtime-8f0988ca96ae84168b6e.js.map","app-f085c0cf6f9a543e07ec.js","app-f085c0cf6f9a543e07ec.js.map"],"children":{},"childAssets":{}},"component---src-pages-404-js":{"chunks":[0,1,3],"assets":["styles.1eb6c3cec094c0e18020.css","styles-d015fecfd272d6631538.js","styles-d015fecfd272d6631538.js.map","1-569b869af9cd7eb36cfb.js","1-569b869af9cd7eb36cfb.js.map","component---src-pages-404-js-bd4eeb947e2f6c4328d9.js","component---src-pages-404-js-bd4eeb947e2f6c4328d9.js.map"],"children":{},"childAssets":{}},"component---src-pages-index-js":{"chunks":[0,1,4],"assets":["styles.1eb6c3cec094c0e18020.css","styles-d015fecfd272d6631538.js","styles-d015fecfd272d6631538.js.map","1-569b869af9cd7eb36cfb.js","1-569b869af9cd7eb36cfb.js.map","component---src-pages-index-js-e2ca1e7fd5a2bf8001d8.js","component---src-pages-index-js-e2ca1e7fd5a2bf8001d8.js.map"],"children":{},"childAssets":{}},"component---src-pages-ladakh-js":{"chunks":[0,1,5],"assets":["styles.1eb6c3cec094c0e18020.css","styles-d015fecfd272d6631538.js","styles-d015fecfd272d6631538.js.map","1-569b869af9cd7eb36cfb.js","1-569b869af9cd7eb36cfb.js.map","component---src-pages-ladakh-js-179078c579552bfdaf50.js","component---src-pages-ladakh-js-179078c579552bfdaf50.js.map"],"children":{},"childAssets":{}},"component---src-pages-page-2-js":{"chunks":[0,1,6],"assets":["styles.1eb6c3cec094c0e18020.css","styles-d015fecfd272d6631538.js","styles-d015fecfd272d6631538.js.map","1-569b869af9cd7eb36cfb.js","1-569b869af9cd7eb36cfb.js.map","component---src-pages-page-2-js-3dfbe6c1350529901d6d.js","component---src-pages-page-2-js-3dfbe6c1350529901d6d.js.map"],"children":{},"childAssets":{}}},"assetsByChunkName":{"app":["webpack-runtime-8f0988ca96ae84168b6e.js","app-f085c0cf6f9a543e07ec.js"],"component---src-pages-404-js":["styles.1eb6c3cec094c0e18020.css","styles-d015fecfd272d6631538.js","1-569b869af9cd7eb36cfb.js","component---src-pages-404-js-bd4eeb947e2f6c4328d9.js"],"component---src-pages-index-js":["styles.1eb6c3cec094c0e18020.css","styles-d015fecfd272d6631538.js","1-569b869af9cd7eb36cfb.js","component---src-pages-index-js-e2ca1e7fd5a2bf8001d8.js"],"component---src-pages-ladakh-js":["styles.1eb6c3cec094c0e18020.css","styles-d015fecfd272d6631538.js","1-569b869af9cd7eb36cfb.js","component---src-pages-ladakh-js-179078c579552bfdaf50.js"],"component---src-pages-page-2-js":["styles.1eb6c3cec094c0e18020.css","styles-d015fecfd272d6631538.js","1-569b869af9cd7eb36cfb.js","component---src-pages-page-2-js-3dfbe6c1350529901d6d.js"]}}